{"cameraMode":{"drawMode":0,"name":"Shaded","section":"Shading Mode"},"sceneLighting":true,"audioPlay":true,"sceneViewState":{"m_AlwaysRefresh":false,"showFog":true,"showSkybox":true,"showFlares":true,"showImageEffects":true,"showParticleSystems":true,"showVisualEffectGraphs":true,"m_FxEnabled":true},"in2DMode":false,"pivot":{"x":0.3533172607421875,"y":1.7589564323425294,"z":7.171795845031738},"rotation":{"x":0.18377943336963654,"y":-0.23057277500629426,"z":0.04439617320895195,"w":0.9545218348503113},"size":1.0505415201187134,"orthographic":false}