{"cameraMode":{"drawMode":0,"name":"Shaded","section":"Shading Mode"},"sceneLighting":true,"audioPlay":false,"sceneViewState":{"m_AlwaysRefresh":false,"showFog":true,"showSkybox":true,"showFlares":true,"showImageEffects":true,"showParticleSystems":true,"showVisualEffectGraphs":true,"m_FxEnabled":true},"in2DMode":false,"pivot":{"x":-4.5917510986328129,"y":0.05790996551513672,"z":5.6670379638671879},"rotation":{"x":-0.16379745304584504,"y":0.8040197491645813,"z":-0.25826767086982729,"w":-0.509922444820404},"size":6.310063362121582,"orthographic":false}