{"cameraMode":{"drawMode":0,"name":"Shaded","section":"Shading Mode"},"sceneLighting":true,"audioPlay":false,"sceneViewState":{"m_AlwaysRefresh":false,"showFog":true,"showSkybox":true,"showFlares":true,"showImageEffects":true,"showParticleSystems":true,"showVisualEffectGraphs":true,"m_FxEnabled":true},"in2DMode":false,"pivot":{"x":19.717214584350587,"y":28.49085807800293,"z":23.22997283935547},"rotation":{"x":0.021999545395374299,"y":-0.9488393068313599,"z":0.3076050877571106,"w":0.0678611770272255},"size":23.123783111572267,"orthographic":false}